cell_type,mean_Non-responder,mean_Responder,diff,auc,pvalue,qvalue
Cycling,0.05612663058467541,0.007357051436559138,-0.04876957914811627,0.06111111111111111,0.00016393720354669828,0.0014754348319202845
B cells,0.05168880209110135,0.19706821789132062,0.14537941580021926,0.8666666666666667,0.0016866856083458256,0.007590085237556215
Memory-naive T,0.10844445281038016,0.21983920682129612,0.11139475401091596,0.8222222222222222,0.005834969862328617,0.01750490958698585
CD8 effector,0.146386510499983,0.07749145433707691,-0.06889505616290609,0.20555555555555555,0.011829759206382842,0.026616958214361393
Plasmacytoid DCs,0.02371876424135659,0.008195569439025375,-0.015523194802331216,0.2388888888888889,0.02409686462473015,0.043374356324514265
Unresolved,0.4905945561205982,0.381966756908838,-0.10862779921176019,0.3,0.08873761349936408,0.13310642024904612
Monocytes-Macrophages,0.06829216043309713,0.036561944693355705,-0.03173021573974143,0.3277777777777778,0.14342246924210997,0.18440031759699854
Plasma cells,0.014172078713723021,0.03329071799821083,0.019118639284487808,0.6055555555555555,0.3670882437230296,0.4129742741884083
Tregs,0.040576044505085146,0.03822908047431733,-0.002346964030767819,0.45,0.6836086269093582,0.6836086269093582
