"cluster","gene","avg_log2FC","pct.1","pct.2","z","p_val","p_val_adj"
"B cells","MS4A1",7.71954163102589,0.911009174311927,0.0283265001863586,98.0008471601314,0,0
"B cells","CD22",8.21699636001925,0.8,0.01222512113306,97.9456491894967,0,0
"B cells","BANK1",7.62012613856908,0.815596330275229,0.0187103988073053,95.3956335305543,0,0
"B cells","CD19",8.47638204486258,0.768807339449541,0.0148341408870667,94.1171477828442,0,0
"B cells","PAX5",7.50167414203383,0.694495412844037,0.0062616474096161,93.8893155331209,0,0
"B cells","FCRL1",7.96576758492679,0.688990825688073,0.00633619083115915,93.3592929914037,0,0
"B cells","IGHD",8.26087959913138,0.655963302752294,0.00529258292955647,91.6577109497406,0,0
"B cells","CTA-250D10.23",4.89638156181972,0.911926605504587,0.0465150950428625,89.9571449156603,0,0
"B cells","CD79A",6.03698290890604,0.915596330275229,0.0597092806559821,86.2922672965557,0,0
"B cells","LINC00926",6.51462726046718,0.626605504587156,0.00954155795751025,85.7933642778171,0,0
"B cells","BCL11A",4.45709544873859,0.922018348623853,0.0572493477450615,85.2627317255595,0,0
"B cells","FCER2",7.699678089509,0.578899082568807,0.00819977636973537,82.7758434778905,0,0
"B cells","IGHM",4.86617963845523,0.852293577981651,0.0648527767424525,80.3689508510053,0,0
"B cells","CLEC17A",6.32606950309725,0.495412844036697,0.00872158032053671,74.662080743118,0,0
"B cells","KIAA0226L",5.6432698516901,0.656880733944954,0.0376444278792397,72.1878951702315,0,0
"B cells","CR2",6.77301634661948,0.43302752293578,0.00559075661572866,71.506460010446,0,0
"B cells","VPREB3",7.85831429389505,0.411009174311927,0.00462169213566903,70.3213734388805,0,0
"B cells","TCL1A",4.67274836002776,0.511009174311927,0.0179649645918748,68.7711721085434,0,0
"B cells","BLK",5.17281639671765,0.488073394495413,0.0171449869549012,67.4196200659887,0,0
"B cells","FCRLA",6.88860286727686,0.420183486238532,0.0102869921729407,66.0692032724554,0,0
"B cells","RALGPS2",5.77960953283954,0.502752293577982,0.022884830413716,65.6057029115703,0,0
"B cells","EBF1",6.06649315228571,0.390825688073395,0.00737979873276183,65.5151367028881,0,0
"B cells","ADAM28",5.08476748529405,0.720183486238532,0.0766306373462542,64.4601734364196,0,0
"B cells","AC096579.7",1.87336161938864,0.655963302752294,0.0548639582556839,62.9163841896559,0,0
"B cells","ARHGAP24",5.49124089682742,0.477064220183486,0.0254193067461796,61.3947176452275,0,0
"B cells","FAM129C",4.56136766236311,0.547706422018349,0.0400298173686172,61.2819437749354,0,0
"B cells","NCF1C",4.24780300549211,0.744036697247706,0.0981736861721953,60.6152920928007,0,0
"B cells","CD79B",4.42301771305336,0.76605504587156,0.117256802087216,60.2596112628654,0,0
"B cells","NAPSB",3.0067683483762,0.661467889908257,0.0669399925456578,60.2564422311328,0,0
"B cells","IRF8",2.91747560110932,0.9,0.183749534103615,59.204461281953,0,0
"B cells","FCRL2",6.19429793846424,0.338532110091743,0.0097651882221394,57.6124336705557,0,0
"B cells","STAP1",4.69911006275795,0.480733944954128,0.0333209094297428,57.5554483941135,0,0
"B cells","SWAP70",4.97652103431903,0.570642201834862,0.0570257174804324,57.5194564102602,0,0
"B cells","WDFY4",4.0168133765509,0.644954128440367,0.0750652254938502,57.265686495047,0,0
"B cells","COL19A1",4.93521490301992,0.298165137614679,0.00536712635109952,57.121463549815,0,0
"B cells","IGKC",0.269846581662316,0.696330275229358,0.104286246738725,56.4766731539907,0,0
"B cells","CNR2",4.56090548881852,0.394495412844037,0.019903093551994,56.0660473003403,0,0
"B cells","FGD2",3.44677181865876,0.822018348623853,0.153112187849422,55.5777092876915,0,0
"B cells","SPIB",3.62791340008386,0.469724770642202,0.0342899739098025,55.4487474137323,0,0
"B cells","HLA-DOB",5.6029896363923,0.41651376146789,0.0278046962355572,54.3253250134591,0,0
"B cells","MEF2C",4.62876905241549,0.61743119266055,0.0829668281774133,54.248860123269,0,0
"B cells","NCF1",3.81503802473284,0.744036697247706,0.135519940365263,53.8723897450462,0,0
"B cells","BLNK",4.90468275702926,0.527522935779816,0.057994781960492,53.3086235635279,0,0
"B cells","CD83",3.45996346433551,0.841284403669725,0.191874767051808,52.4040212425266,0,0
"B cells","AFF3",4.63499184822831,0.444954128440367,0.0374207976146105,52.0606111488942,0,0
"B cells","TCF4",3.53899113754465,0.636697247706422,0.0970555348490496,51.1772998369138,0,0
"B cells","HLA-DRA",2.43467792100899,0.994495412844037,0.503317182258666,50.3340498663639,0,0
"B cells","CD74",2.25601782869429,1,0.936041744316064,50.1491953875765,0,0
"B cells","NCF1B",3.50741014485577,0.698165137614679,0.129705553484905,49.8821778450213,0,0
"B cells","RP11-693J15.5",2.92072841487543,0.247706422018349,0.00633619083115915,49.789641536598,0,0
"CD8 effector","TRDC",2.98953906929972,0.313815537696135,0.044820047090481,43.0117278430711,0,0
"CD8 effector","NKG7",1.29641227915216,0.871412169919633,0.464934409687185,40.9523315053015,0,0
"CD8 effector","FGFBP2",5.2513509847559,0.20283199387677,0.0146316851664985,40.9300043931621,0,0
"CD8 effector","GNLY",2.91462699335355,0.436280137772675,0.123864783047427,40.109256040557,0,0
"CD8 effector","GZMH",1.82702469851791,0.595101415996938,0.245375042045072,37.9136952715778,0,0
"CD8 effector","S1PR5",3.86148869906676,0.180635285112897,0.0158089471913892,36.769098985766,5.75851696198978e-296,7.37186146417392e-293
"CD8 effector","CTSW",1.45094118894351,0.684653654802909,0.330390178271107,36.6559318475427,3.68119731865048e-294,4.03932522922205e-291
"CD8 effector","CCL5",0.850142808333294,0.951396861844623,0.586192398250925,35.9594216924913,3.60608519388818e-283,3.46229254678189e-280
"CD8 effector","CST7",1.08289062267711,0.833907386146192,0.523965691220989,34.3406019446813,1.94549629095826e-258,1.6603730012056e-255
"CD8 effector","KLRF1",5.13744261200932,0.127822426329889,0.00857719475277497,32.5155924086013,6.41996090743821e-232,4.93117197300329e-229
"CD8 effector","AOAH",1.3206447972449,0.603138155376961,0.310040363269425,30.3029164670191,1.04928514238233e-201,7.3268719805806e-199
"CD8 effector","GZMA",0.894877697647682,0.742441637964026,0.408930373360242,30.2450266316437,6.06522957018261e-201,3.88225236071439e-198
"CD8 effector","PRF1",1.27111229505523,0.716035208572522,0.431466532122435,29.5661978403332,4.06635365251221e-192,2.4025894157651e-189
"CD8 effector","KLRD1",1.38229633151565,0.476846536548029,0.216279852001345,28.3953736515749,2.3063935100914e-177,1.26538632507229e-174
"CD8 effector","TRGC1",1.74763709219371,0.432070417145044,0.186511940800538,28.2682892656007,8.48337048794667e-176,4.34405124786122e-173
"CD8 effector","KLRG1",1.58435847416471,0.42441637964026,0.181298351833165,28.2070299801429,4.7946734492389e-175,2.30174292272525e-172
"CD8 effector","KLRK1",0.824460418485792,0.758515116724072,0.450302724520686,28.1812329678095,9.93180914634679e-175,4.48742506194645e-172
"CD8 effector","GZMB",1.06645284980926,0.552238805970149,0.279011099899092,27.2378861961468,2.31267377891786e-163,9.86869294214893e-161
"CD8 effector","TGFBR3",1.90677448047618,0.295828549559893,0.101328624285234,26.9040481311391,1.9693074723234e-159,7.96118457627162e-157
"CD8 effector","TRDV1",2.74049831466378,0.16035208572522,0.0312815338042381,26.5614352400287,1.89478290266768e-155,7.27691373769521e-153
"CD8 effector","ANXA1",1.32321202051931,0.676234213547646,0.439791456441305,26.0216091683158,2.82050772681003e-149,1.03163427855371e-146
"CD8 effector","DUSP2",1.00116001170827,0.818216609261385,0.651866801210898,25.3541521268701,8.08721724852781e-142,2.82354162208828e-139
"CD8 effector","C1orf21",2.47872667854232,0.202449292001531,0.0576017490750084,24.6624066060067,2.70890318542723e-134,9.04655885533328e-132
"CD8 effector","B2M",0.285233796705684,1,0.999915909855365,24.6558790351535,3.18283393573588e-134,1.01863947751614e-131
"CD8 effector","TUBA4A",1.4216994880752,0.639877535399923,0.459300369996636,24.6186887210631,7.96888737202813e-134,2.44836095618192e-131
"CD8 effector","TRGC2",1.11532331630693,0.450440107156525,0.218382105617222,24.5933120011983,1.48945057412352e-133,4.40018071532414e-131
"CD8 effector","CALM1",0.620579286860805,0.973210868733257,0.929952909519004,24.4998705901448,1.48183993131692e-132,4.21556018979454e-130
"CD8 effector","FCRL6",2.05619348607845,0.233830845771144,0.0760174907500841,24.4597566285704,3.96259869510553e-132,1.04954208886571e-129
"CD8 effector","MALAT1",0.334634766860822,1,0.99949545913219,24.4001156419276,1.70535558507242e-131,4.36627874964708e-129
"CD8 effector","SAMD3",1.3748187193354,0.437045541523153,0.222166162125799,24.2844318113739,2.86317888325143e-130,7.09421838782394e-128
"CD8 effector","GZMK",0.942398196752125,0.560658247225411,0.321812983518332,23.8499998935126,1.01264249021502e-125,2.43065842729424e-123
"CD8 effector","CCL4",1.03975174224647,0.632606199770379,0.393625967036663,23.8354713167369,1.43271533729967e-125,3.33475348660569e-123
"CD8 effector","PIP4K2A",0.751394601096542,0.882893226176808,0.785486041035991,23.7981693009463,3.48876435023457e-125,7.88152911004462e-123
"CD8 effector","NR4A2",1.09588995497381,0.796785304247991,0.657332660612176,23.7612466997711,8.4073266332216e-125,1.84504788199357e-122
"CD8 effector","ZNF683",1.90534617733032,0.20742441637964,0.0652539522367978,23.0942044334198,5.29446777110743e-118,1.09910289053719e-115
"CD8 effector","FOSL2",1.21658966894371,0.687332567929583,0.470568449377733,23.0540749340464,1.33878665474154e-117,2.70611060396573e-115
"CD8 effector","PPP2R5C",0.718798709552422,0.907768848067356,0.846955936764211,22.4729494551292,7.63488409043538e-112,1.46608861746585e-109
"CD8 effector","LITAF",1.00064040497302,0.722923842326827,0.582492431886983,22.2169663228977,2.35446951599645e-109,4.3058762743735e-107
"CD8 effector","PIK3R1",1.50579728783815,0.428243398392652,0.233266061217625,22.1953528059061,3.80851006746112e-109,6.80306182050439e-107
"CD8 effector","AE000661.37",1.60045681347555,0.120933792575584,0.0247225025227043,22.1834787151153,4.95922839822218e-109,8.6572348469874e-107
"CD8 effector","STAT4",0.980806808304986,0.670876387294298,0.473595694584595,21.9270371358976,1.43470620666526e-106,2.44888408297687e-104
"CD8 effector","PZP",1.0887853212819,0.241484883275928,0.0905650857719475,21.8049517953321,2.0822574640339e-105,3.47691730027051e-103
"CD8 effector","CCL4L1",0.818041217200576,0.595866819747417,0.366212579885637,21.6826221679196,2.99330854564135e-104,4.89183041256834e-102
"CD8 effector","CD97",0.969114996673839,0.750478377344049,0.606037672384797,21.6523699794694,5.77338638345381e-104,9.23862100235599e-102
"CD8 effector","A2M",0.490184555993212,0.391886720244929,0.190295997309115,21.4594282418991,3.72860418046405e-102,5.72788174202887e-100
"CD8 effector","KLRC4-KLRK1",0.982714819167739,0.468809797168006,0.260343087790111,21.3552032635912,3.48850587187726e-101,5.25396345135083e-99
"CD8 effector","TNFAIP3",0.78321602049924,0.876769996172981,0.797931382441978,21.1996111381637,9.62887189425426e-100,1.42229548114936e-97
"CD8 effector","ZFP36",0.706152787268848,0.902411021814007,0.857214934409687,20.9728880084012,1.16004145725516e-97,1.62005062421398e-95
"CD8 effector","ZFP36L2",0.910085358858553,0.804439341752775,0.695845946855029,20.7206484345163,2.25626384054203e-95,2.98799354469023e-93
"CD8 effector","RUNX3",1.05361511669157,0.606965174129353,0.417759838546922,20.662631423259,7.51550578955043e-95,9.78416948636217e-93
"CD8 exhausted","CD8A",2.22127465148652,0.910596026490066,0.307609764821604,68.1472787813209,0,0
"CD8 exhausted","CCL5",1.69729966640241,0.988260084286574,0.55208799070017,60.5397244298205,0,0
"CD8 exhausted","CD8B",2.04074744768852,0.704996989765202,0.210229813109184,54.6887087145585,0,0
"CD8 exhausted","NKG7",1.47061147462923,0.914810355207706,0.426272020030403,53.6384376285231,0,0
"CD8 exhausted","KLRK1",1.48331246051487,0.874473208910295,0.396315836537602,50.3316838994713,0,0
"CD8 exhausted","PRF1",1.52818400844641,0.823600240818784,0.381471876956094,48.5041650351993,0,0
"CD8 exhausted","PDCD1",1.64219867808558,0.636363636363636,0.252168469999106,43.0893741859422,0,0
"CD8 exhausted","CST7",1.1777657220202,0.875075255869958,0.492086202271305,43.0204719148097,0,0
"CD8 exhausted","CCL4",1.19290188765297,0.752859723058399,0.342752392023607,41.4801551116646,0,0
"CD8 exhausted","LYST",1.48465950213028,0.834437086092715,0.527586515246356,40.6156264109412,0,0
"CD8 exhausted","CXCL13",1.4459183414405,0.435580975316075,0.120629526960565,40.24455060663,0,0
"CD8 exhausted","VCAM1",2.76548807262342,0.374172185430464,0.0937136725386748,40.0521394261256,0,0
"CD8 exhausted","CCL4L1",1.37229750408486,0.702889825406382,0.319860502548511,38.9546807268239,0,0
"CD8 exhausted","TNFRSF9",2.22916597500049,0.451836243226972,0.151837610659036,38.2695099331292,0,0
"CD8 exhausted","CBLB",1.21368795610355,0.848886213124624,0.563086828221408,36.5284200256333,3.92545546003881e-292,2.01061828663188e-289
"CD8 exhausted","HAVCR2",1.78701274614159,0.581276339554485,0.278458374318162,36.3648849336138,1.52884725292015e-289,7.34133340261596e-287
"CD8 exhausted","GZMA",1.13912222437971,0.742022877784467,0.387910220870965,36.2611445192359,6.63201478802881e-288,2.99728056567208e-285
"CD8 exhausted","CD8BP",1.29210992593848,0.367549668874172,0.104801931503174,36.1286823730816,8.04337285360501e-286,3.43317964634707e-283
"CD8 exhausted","LAG3",1.74823750963803,0.470800722456352,0.17124206384691,36.1106967338898,1.54094567177646e-285,6.23109768224135e-283
"CD8 exhausted","CCL4L2",1.23355429589396,0.586092715231788,0.258427971027452,35.6261299923813,5.52028608891293e-278,2.1206179010559e-275
"CD8 exhausted","KLRC4-KLRK1",1.52475122277274,0.542444310656231,0.225252615577215,35.3327559278078,1.84505376664879e-273,6.75026099483936e-271
"CD8 exhausted","CTSW",1.19633301227583,0.643889223359422,0.320039345435035,34.837063152589,6.68492299816678e-266,2.33455742704161e-263
"CD8 exhausted","TRBC2",0.728855539909493,0.989765201685731,0.788250022355361,34.4336299293681,7.91707989607887e-260,2.64464890615539e-257
"CD8 exhausted","TOX",1.55908419245055,0.575255869957857,0.27112581597067,34.3159425898822,4.539184080713e-258,1.45310630383825e-255
"CD8 exhausted","AC069363.1",2.40548625478978,0.331727874774232,0.102119288205312,33.4938615217651,5.9210281304169e-246,1.81965036503972e-243
"CD8 exhausted","CD27",1.32447610821368,0.640276941601445,0.355807922739873,33.46149799834,1.75127778904385e-245,5.17502586662457e-243
"CD8 exhausted","TIGIT",1.21709662092925,0.646297411198073,0.347849414289547,33.2264536510635,4.46799573261209e-242,1.26375339179421e-239
"CD8 exhausted","CXCR6",1.76341016135992,0.47049969897652,0.200214611463829,33.22554131564,4.60563516468017e-242,1.26375339179421e-239
"CD8 exhausted","RGS1",1.00294145312473,0.910596026490066,0.719842618259859,33.1535673889332,5.03112039505064e-241,1.33289993086807e-238
"CD8 exhausted","GZMH",1.19997113488492,0.539434075857917,0.239738889385675,33.0110598530972,5.63643258785889e-239,1.44349038575066e-236
"CD8 exhausted","HLA-A",0.471307344757299,0.996989765201686,0.996780828042565,32.4264284913646,1.16442232174049e-230,2.79570521810382e-228
"CD8 exhausted","TRAC",0.758763320945066,0.925647200481638,0.669856031476348,32.3985356858789,2.87818270028448e-230,6.70093263220779e-228
"CD8 exhausted","DUSP4",1.11815917830198,0.708007224563516,0.412501117768041,32.2839246779323,1.17608009598387e-228,2.65759511101295e-226
"CD8 exhausted","APOBEC3G",1.23278761464625,0.754063816977724,0.509255119377627,32.1216393247264,2.19918413004485e-226,4.69342546420405e-224
"CD8 exhausted","KLRC4",1.67365449445205,0.396146899458158,0.144683895198068,32.0782315404804,8.87131618485861e-226,1.84211681752078e-223
"CD8 exhausted","KLRD1",1.45357408584328,0.47260686333534,0.201019404453188,31.9715093580562,2.71486727317615e-224,5.48903296310852e-222
"CD8 exhausted","ETV1",2.71576814715649,0.209211318482842,0.0415809711168738,31.544055398232,2.16334535511952e-218,4.26179034958545e-216
"CD8 exhausted","CD3G",0.719910128180754,0.920529801324503,0.657337029419655,31.0754240837495,5.17483375966336e-212,9.9395619438734e-210
"CD8 exhausted","GZMB",0.884228087249182,0.553883202889825,0.261200035768577,30.7931582855972,3.23576383007137e-208,6.06350573327764e-206
"CD8 exhausted","IFNG",1.24889114366987,0.468091511137869,0.208709648573728,30.3868479448693,8.19585507261144e-203,1.46438964006683e-200
"CD8 exhausted","AFAP1L2",2.2826797736019,0.250752558699579,0.0661718680139497,30.2686876943144,2.96205324662578e-201,5.17214888496043e-199
"CD8 exhausted","PRKCH",0.942843204713982,0.805237808549067,0.561030135026379,30.0700919831798,1.19268512127994e-198,2.03631106373194e-196
"CD8 exhausted","GPR56",1.44449488272614,0.387718242022878,0.150943396226415,29.9677674933924,2.5823372282199e-197,4.31306454878553e-195
"CD8 exhausted","CD2",0.752648537171295,0.863034316676701,0.608155235625503,29.7294551055813,3.19695789170437e-194,5.22600584722652e-192
"CD8 exhausted","KIR2DL4",2.70023910184059,0.196568332329922,0.0420280783331843,29.5933144039798,1.82162818137711e-192,2.91574360781673e-190
"CD8 exhausted","DTHD1",1.54298087192317,0.397049969897652,0.163730662612895,29.239187517314,6.16252539746612e-188,9.46933652574644e-186
"CD8 exhausted","SNAP47",1.84993384908016,0.439193257074052,0.211571134758115,29.126592125126,1.65371564681871e-186,2.49127398323689e-184
"CD8 exhausted","GZMK",1.04547914210362,0.575255869957857,0.302333899669141,28.9645700899159,1.83940786862084e-184,2.7177251258873e-182
"CD8 exhausted","CRTAM",1.58536273606592,0.433473810957255,0.194849324868103,28.7891312847452,2.93425812153705e-182,4.17479724958689e-180
"CD8 exhausted","FYN",0.809293649289546,0.856712823600241,0.618885808816954,28.4143437140874,1.34470802563969e-177,1.87843486563449e-175
"Cycling","RRM2",6.67212346172987,0.818393480791618,0.0208119595485857,91.1802343387264,0,0
"Cycling","BIRC5",5.95687154073347,0.764842840512224,0.0161219404953833,89.9228130974068,0,0
"Cycling","UBE2C",6.81262074000294,0.689173457508731,0.0107723875128243,88.1224112253232,0,0
"Cycling","SPC24",5.52203959553174,0.726426076833527,0.0145830279935512,87.8612766553142,0,0
"Cycling","MKI67",4.74163837672475,0.855646100116414,0.0325370071815917,86.5114280877709,0,0
"Cycling","CDCA5",5.93937488023827,0.629802095459837,0.0113586398944746,82.6864221012243,0,0
"Cycling","AURKB",6.24708641530971,0.644935972060536,0.0137769309687821,81.9973407167693,0,0
"Cycling","TOP2A",5.50041048705423,0.79627473806752,0.0340759196834237,81.5482627254185,0,0
"Cycling","ASPM",4.80535491672987,0.683352735739232,0.0191997654990473,81.0819800125406,0,0
"Cycling","TYMS",5.34672184601846,0.856810244470314,0.0468269089843177,80.6845731709162,0,0
"Cycling","KIF18B",5.18785661379716,0.573923166472643,0.00850065953392936,80.4743784709853,0,0
"Cycling","CDK1",5.27952337937001,0.754365541327125,0.029825589916459,80.2176295228115,0,0
"Cycling","HIST1H3G",4.77380108938617,0.529685681024447,0.0052762714348527,79.6445426301311,0,0
"Cycling","ASF1B",4.99706765513458,0.719441210710128,0.026747764912795,79.0012986852657,0,0
"Cycling","ZWINT",5.06330663955749,0.717112922002328,0.0266744833650887,78.8558047574189,0,0
"Cycling","DLGAP5",5.9631052440704,0.530849825378347,0.00747471786604133,77.6470485913864,0,0
"Cycling","CDCA8",5.47134772159256,0.577415599534342,0.0119448922761249,77.4677574563385,0,0
"Cycling","GTSE1",5.00130989765629,0.563445867287544,0.0106258244174117,77.4370094828544,0,0
"Cycling","KIF15",4.93116283505791,0.522700814901048,0.00740143631833504,76.8468699316293,0,0
"Cycling","HJURP",5.73151310263167,0.509895227008149,0.00725487322292247,75.9347636391235,0,0
"Cycling","KIFC1",5.23159673811804,0.607683352735739,0.0173677268063902,75.9136297074319,0,0
"Cycling","KIF11",4.45107735748807,0.710128055878929,0.0306316869412282,75.8411336149668,0,0
"Cycling","TK1",4.95526923941033,0.726426076833527,0.0334163857540671,75.7920180251182,0,0
"Cycling","KIAA0101",5.26296559193968,0.826542491268917,0.0577458595925546,74.5725456854868,0,0
"Cycling","TPX2",4.8113007111465,0.69615832363213,0.0311446577751722,74.5342059720689,0,0
"Cycling","CDC20",5.68743290507897,0.554132712456345,0.0128242708486003,74.516745274888,0,0
"Cycling","CCNB2",5.7826419585029,0.582072176949942,0.017074600615565,73.9235530052798,0,0
"Cycling","KIF2C",5.05375104113516,0.590221187427241,0.0186867946651033,73.3102628713786,0,0
"Cycling","POLQ",3.89983755562406,0.543655413271246,0.0134105232302506,73.1282216975981,0,0
"Cycling","KIF23",4.79597701746687,0.563445867287544,0.0156822512091455,72.9092865874205,0,0
"Cycling","ANLN",5.22425426076365,0.509895227008149,0.0104792613219991,72.5536740829288,0,0
"Cycling","MELK",4.9159067188033,0.571594877764843,0.0174410083540964,72.4338137539192,0,0
"Cycling","NCAPG",4.71317060151835,0.568102444703143,0.0174410083540964,72.0696630959777,0,0
"Cycling","CASC5",4.386130950579,0.640279394644936,0.0276271434852704,71.6135669705238,0,0
"Cycling","SKA1",4.97834640383431,0.474970896391153,0.00828081489081049,71.5272687628518,0,0
"Cycling","NUF2",4.71251091806033,0.551804423748545,0.0164883482339147,71.2057258096698,0,0
"Cycling","PKMYT1",5.18913368441327,0.633294528521537,0.028286677414627,71.11094872329,0,0
"Cycling","STMN1",4.61943609924205,0.975552968568102,0.118349699545654,70.7375933431608,0,0
"Cycling","CDCA3",5.62952445705552,0.50058207217695,0.0116517660852997,70.7009438811577,0,0
"Cycling","SPC25",5.45464978546778,0.479627473806752,0.0100395720357614,70.3248619951437,0,0
"Cycling","TROAP",5.69081504091131,0.512223515715949,0.0136303678733695,70.1658592642494,0,0
"Cycling","CENPF",4.18672502062698,0.717112922002328,0.0438956470760662,69.9354355876772,0,0
"Cycling","RP11-424C20.2",3.56043531248016,0.537834691501746,0.0167814744247399,69.7249324306901,0,0
"Cycling","MLF1IP",4.12390421707135,0.649592549476135,0.0321705994430602,69.6075519429199,0,0
"Cycling","CKAP2L",5.0956760604562,0.50407450523865,0.0140700571596072,68.9314347494391,0,0
"Cycling","UHRF1",4.63685554462924,0.658905704307334,0.0369339000439689,68.8645981361529,0,0
"Cycling","CCNA2",5.35836941055732,0.745052386495926,0.0559871024476037,68.8277757903885,0,0
"Cycling","CDCA2",5.00398034645956,0.465657741559953,0.0102594166788803,68.6052452013565,0,0
"Cycling","DHFRP1",4.75107292655935,0.474970896391153,0.0120181738238312,67.8059279273716,0,0
"Cycling","UBE2T",4.00543703467116,0.685681024447031,0.0425765792173531,67.3956965243132,0,0
"Memory-naive T","IL7R",2.07665703604422,0.726827276439363,0.264432647644327,47.7404443497846,0,0
"Memory-naive T","TCF7",1.96442363010939,0.622294814209882,0.220388188453882,41.792163474468,0,0
"Memory-naive T","RPL13",0.741469887742046,0.999591670069416,0.993281353682814,40.9619890237588,0,0
"Memory-naive T","RPS3",0.741610589648728,0.997550020416497,0.988138686131387,38.8506405706564,0,0
"Memory-naive T","RPS12",0.860727338413409,0.982441812984892,0.947660915726609,37.5602436362669,0,0
"Memory-naive T","EEF1A1",0.559448446114902,0.999591670069416,0.999502322495023,36.6971188967291,8.11816365908977e-295,4.79283892950107e-292
"Memory-naive T","RPL10",0.603782828450076,0.998775010208248,0.99693098871931,36.4360160991354,1.14561481985453e-290,6.28042410170253e-288
"Memory-naive T","RPL3",0.7454974279904,0.994691710902409,0.985982083609821,36.0596065660256,9.75135658370658e-285,4.9894441186632e-282
"Memory-naive T","RPS6",0.700233797478235,0.994691710902409,0.984157266091573,35.5538201549175,7.2527336946183e-277,3.47904569413722e-274
"Memory-naive T","RPS14",0.758258411300027,0.98856676194365,0.975199071001991,35.4473560200945,3.18592245371425e-275,1.4383502842504e-272
"Memory-naive T","RPL13A",0.602082115135118,0.998775010208248,0.996433311214333,35.2366633425506,5.49171881885409e-272,2.3416078852614e-269
"Memory-naive T","RPL41",0.556559222076165,0.998775010208248,0.997096881220969,34.8624308294957,2.75955889978287e-266,1.11471655557018e-263
"Memory-naive T","RPLP2",0.740284090773149,0.975908534095549,0.945753151957532,33.7244469785888,2.53358291172829e-249,8.83874947614302e-247
"Memory-naive T","RPS18",0.720185114852458,0.979991833401388,0.950315195753152,33.0501546201632,1.54766294718136e-239,5.16448396505083e-237
"Memory-naive T","RPL23A",0.629782261637642,0.986933442221315,0.969807564698076,32.006729016834,8.78972520421077e-225,2.81088087259657e-222
"Memory-naive T","RPS3A",0.674918103987359,0.993875051041241,0.985733244857332,31.949668957595,5.46004567203898e-224,1.67623402131597e-221
"Memory-naive T","RPS27",0.605611601018592,0.995916700694161,0.983327803583278,31.2011049409054,1.02930168043499e-213,2.72410013701328e-211
"Memory-naive T","RPL32",0.767648717684489,0.953858717844018,0.916141340411413,30.8315007295707,9.91638372306772e-209,2.53694150248482e-206
"Memory-naive T","RPS27A",0.666736943686881,0.975500204164965,0.954213669542137,30.6941189418368,6.81907883508644e-207,1.6882719373964e-204
"Memory-naive T","RPS4X",0.640388262200121,0.986116782360147,0.974286662242867,30.04321982247,2.67724033810296e-198,6.42119362341882e-196
"Memory-naive T","RPS25",0.691096922907057,0.970600244997958,0.941274054412741,29.7597654468795,1.29642915401719e-194,3.01517992638848e-192
"Memory-naive T","CTD-2031P19.4",0.601319531315302,0.985708452429563,0.959688122096881,29.5822676799748,2.52679417282327e-192,5.70386625777018e-190
"Memory-naive T","RPL9P9",0.796118971644545,0.953858717844018,0.904777704047777,29.5016058496197,2.74559324606215e-191,6.02069376100772e-189
"Memory-naive T","LEF1",2.24181567569786,0.285830951408738,0.0806237558062376,29.464854595499,8.12370652778027e-191,1.73192910001982e-188
"Memory-naive T","RPL9P8",0.793265300052732,0.95304205798285,0.904694757796948,29.4321122742876,2.13298505139054e-190,4.42450277551956e-188
"Memory-naive T","RPL17",0.605897502791645,0.977950183748469,0.964664897146649,28.5599282642601,2.11480410417187e-179,4.16182602551772e-177
"Memory-naive T","RPL9",0.605782566995092,0.973050224581462,0.954711347047113,28.1646317817389,1.58637166290505e-174,3.04385062819906e-172
"Memory-naive T","RPL19",0.560438943598412,0.984891792568395,0.976194426011944,28.0952771822846,1.11880973542653e-173,2.09435724863381e-171
"Memory-naive T","RPL30",0.664342386535268,0.944058799510004,0.921532846715328,27.7934242588102,5.20889951446176e-170,9.29727994732419e-168
"Memory-naive T","CCR7",1.61819788247473,0.385463454471213,0.151957531519575,27.6631210571029,1.9405438724363e-168,3.30970538243302e-166
"Memory-naive T","RPL21",0.573891753335193,0.97182523478971,0.966406768414068,27.6024885750347,1.03874914268239e-167,1.73313036306246e-165
"Memory-naive T","EEF1A1P5",0.59376885693967,0.996733360555329,0.989382879893829,27.276255540283,8.11528707220738e-164,1.24569656558383e-161
"Memory-naive T","RPL28",0.525781615664825,0.985708452429563,0.967236230922362,27.1360042952056,3.7040036174667e-162,5.46696687770325e-160
"Memory-naive T","RP11-3P17.3",0.651399145630038,0.95508370763577,0.905773059057731,26.7705984808725,7.10989230577296e-158,9.92153153578317e-156
"Memory-naive T","RPL11",0.568858288795679,0.980400163331972,0.957780358327804,26.5732827044116,1.38251422498787e-155,1.8615432766284e-153
"Memory-naive T","RPL10P3",0.591762513733923,0.950183748468763,0.915477770404778,26.3402951733227,6.63008023907427e-153,8.62472302286357e-151
"Memory-naive T","ANK3",2.00331097717527,0.258472846059616,0.0792136695421367,26.2454179106338,8.06250409641676e-152,1.03132864899998e-149
"Memory-naive T","MALAT1",0.394179105385561,1,0.999502322495023,26.2243840642658,1.40110247889861e-151,1.76286254517161e-149
"Memory-naive T","RPL13AP5",0.596914715995426,0.973050224581462,0.928417385534174,26.1125044419178,2.62912989474808e-150,3.20294792733199e-148
"Memory-naive T","RPL18A",0.498386770443969,0.987341772151899,0.977023888520239,25.9424732806036,2.21107882852723e-148,2.61077384753023e-146
"Memory-naive T","S1PR1",1.5071190350198,0.3527970600245,0.140262110152621,25.7782785599027,1.55391572723957e-146,1.80701563735814e-144
"Memory-naive T","RPL41P1",0.473511492991078,0.98121682319314,0.94915394824154,25.5396845158624,7.14890138929051e-144,8.06879678864775e-142
"Memory-naive T","RPLP1",0.470449863329278,0.996325030624745,0.989631718646317,25.458812020967,5.63909341558906e-143,6.2724698499487e-141
"Memory-naive T","FLT3LG",1.85493721255643,0.362596978358514,0.156021897810219,25.3833675291141,3.84963406989339e-142,4.22084878377597e-140
"Memory-naive T","TPT1",0.593891709987914,0.977541853817885,0.979014598540146,25.2990374732372,3.27309339448018e-141,3.53816785952611e-139
"Memory-naive T","RPL7",0.600559801144525,0.971008574928542,0.956287325812873,25.2776453823955,5.62684744542156e-141,5.91589782789185e-139
"Memory-naive T","RPS3AP6",0.715858050118575,0.951817068191098,0.913901791639018,25.22917787641,1.91716472588956e-140,1.98841071232465e-138
"Memory-naive T","SORL1",1.40975530991963,0.458962841976317,0.226940942269409,25.1178438545106,3.17510064114531e-139,3.24918632277204e-137
"Memory-naive T","RP11-778D9.4",0.642253086463903,0.9060841159657,0.809389515593895,25.0987489196204,5.13222210286549e-139,5.18286903151219e-137
"Memory-naive T","TNFRSF25",1.60036889252565,0.359330338913842,0.153782349037823,25.0118368673538,4.54495763156292e-138,4.47212177208275e-136
"Monocytes-Macrophages","SERPINA1",9.30155583517361,0.910222222222222,0.0130044843049327,106.183083292075,0,0
"Monocytes-Macrophages","HCK",6.61945493408434,0.894222222222222,0.0142002989536622,103.736817951957,0,0
"Monocytes-Macrophages","LYZ",9.49212617231286,0.966222222222222,0.026831091180867,103.362703762784,0,0
"Monocytes-Macrophages","RP11-1143G9.4",9.48288360687155,0.949333333333333,0.0248878923766816,102.953313862182,0,0
"Monocytes-Macrophages","PLXDC2",6.44242416945322,0.829333333333333,0.0112107623318386,100.929714391638,0,0
"Monocytes-Macrophages","FCGR2A",7.47201646769782,0.888888888888889,0.0221973094170404,99.4708573007183,0,0
"Monocytes-Macrophages","CLEC7A",5.85086756915014,0.912888888888889,0.0245889387144993,99.3973828724501,0,0
"Monocytes-Macrophages","LILRA6",6.55430146826144,0.814222222222222,0.0123318385650224,99.1615243022856,0,0
"Monocytes-Macrophages","CSF1R",6.71276750316112,0.868444444444444,0.0195067264573991,99.0660491159734,0,0
"Monocytes-Macrophages","CD14",9.84993820756453,0.795555555555556,0.0115844544095665,98.4295117579992,0,0
"Monocytes-Macrophages","LRP1",5.50337723581278,0.813333333333333,0.0137518684603886,98.1081748898709,0,0
"Monocytes-Macrophages","TLR2",6.21811901996456,0.752,0.00777279521674141,97.347069735707,0,0
"Monocytes-Macrophages","LILRB2",6.28311096004109,0.830222222222222,0.018609865470852,96.5766372635512,0,0
"Monocytes-Macrophages","FPR1",7.45090692503077,0.721777777777778,0.00665171898355755,95.8768357443616,0,0
"Monocytes-Macrophages","CST3",5.87505103868423,0.964444444444444,0.0432735426008969,95.4060803313234,0,0
"Monocytes-Macrophages","AIF1",5.88112825164121,0.956444444444444,0.0440956651718984,94.8848251550921,0,0
"Monocytes-Macrophages","PLAUR",6.51861703354567,0.917333333333333,0.0372944693572496,94.3311385177191,0,0
"Monocytes-Macrophages","CPVL",7.50263965883717,0.756444444444444,0.0130792227204783,94.2413523724612,0,0
"Monocytes-Macrophages","SPI1",4.33489950383248,0.761777777777778,0.0136023916292975,93.604143550653,0,0
"Monocytes-Macrophages","CSF3R",6.09277135191079,0.743111111111111,0.0121076233183857,93.5473987829587,0,0
"Monocytes-Macrophages","C5AR1",6.3488526141903,0.706666666666667,0.00807174887892377,93.5441112529213,0,0
"Monocytes-Macrophages","MNDA",5.91308056149902,0.757333333333333,0.0136023916292975,93.4494850901605,0,0
"Monocytes-Macrophages","TREM1",8.16371890300142,0.674666666666667,0.00553064275037369,93.0096059988637,0,0
"Monocytes-Macrophages","LRRC25",6.06308510503193,0.717333333333333,0.0113602391629297,91.9126809838833,0,0
"Monocytes-Macrophages","TNFAIP2",6.47817600626068,0.732444444444444,0.0135276532137519,91.7574980321663,0,0
"Monocytes-Macrophages","PTAFR",5.84687362537693,0.728,0.013677130044843,91.2933514640099,0,0
"Monocytes-Macrophages","CD163",8.06598707630744,0.682666666666667,0.00881913303437967,91.2364854994034,0,0
"Monocytes-Macrophages","LILRB3",5.00961467462589,0.836444444444444,0.0296711509715994,91.1956143450606,0,0
"Monocytes-Macrophages","CXCL16",5.17898859296077,0.824888888888889,0.0260837070254111,91.1382620360404,0,0
"Monocytes-Macrophages","CSF2RA",4.76312660281723,0.774222222222222,0.0189088191330344,91.1141171632319,0,0
"Monocytes-Macrophages","FCGR1A",7.45443667841689,0.649777777777778,0.00538116591928251,91.1047375293468,0,0
"Monocytes-Macrophages","RAB31",4.81504025461291,0.786666666666667,0.0210762331838565,91.056490167656,0,0
"Monocytes-Macrophages","NCF2",6.15777862212577,0.787555555555556,0.0230941704035874,90.7802579770059,0,0
"Monocytes-Macrophages","ANPEP",7.18188969236406,0.64,0.00493273542600897,90.6879817933443,0,0
"Monocytes-Macrophages","IGSF6",6.41937508531879,0.747555555555556,0.0174887892376682,90.6219318255876,0,0
"Monocytes-Macrophages","FCER1G",5.57908883047961,0.960888888888889,0.0583707025411061,90.5238368906032,0,0
"Monocytes-Macrophages","OLR1",7.7100138578444,0.617777777777778,0.00336322869955157,90.1675380178864,0,0
"Monocytes-Macrophages","HK3",7.0379495039579,0.624888888888889,0.00418535127055306,90.0507334287426,0,0
"Monocytes-Macrophages","SLC11A1",7.55708055886718,0.688888888888889,0.0118086696562033,89.7272717506001,0,0
"Monocytes-Macrophages","TGFBI",5.64013510534313,0.908444444444444,0.0470104633781764,89.0850113944637,0,0
"Monocytes-Macrophages","S100A9",8.23242329684449,0.699555555555556,0.0144992526158445,88.9062848247083,0,0
"Monocytes-Macrophages","SLC8A1",4.55689911156905,0.700444444444444,0.0139760837070254,88.7926549406764,0,0
"Monocytes-Macrophages","KCTD12",3.8891388958539,0.685333333333333,0.012406576980568,88.4275449172648,0,0
"Monocytes-Macrophages","RIN2",5.52393780757397,0.632888888888889,0.00695067264573991,88.3538853282538,0,0
"Monocytes-Macrophages","MSR1",6.51585699246982,0.621333333333333,0.00590433482810164,88.3033713041801,0,0
"Monocytes-Macrophages","CD68",5.72557987093175,0.920888888888889,0.0553064275037369,88.2690106180763,0,0
"Monocytes-Macrophages","TYROBP",5.24636888132144,0.965333333333333,0.0668908819133034,88.2662394602717,0,0
"Monocytes-Macrophages","FCGR1B",6.37227416984795,0.580444444444444,0.00246636771300448,87.773136715785,0,0
"Monocytes-Macrophages","SIGLEC9",5.53432273951811,0.620444444444444,0.00612855007473842,87.7584413486686,0,0
"Monocytes-Macrophages","LTBR",5.53279967297249,0.653333333333333,0.0100149476831091,87.453497846534,0,0
"Plasma cells","SDC1",5.42268060049943,0.823333333333333,0.00204153467089053,103.153703822492,0,0
"Plasma cells","FER1L4",4.55066020013959,0.723333333333333,0.00696937697993664,84.2139018291504,0,0
"Plasma cells","RP11-16E12.2",4.45125904070197,0.506666666666667,0.00267511439633932,75.9070671500418,0,0
"Plasma cells","TNFRSF17",4.34268006669118,0.62,0.00732136571629708,74.7425367491166,0,0
"Plasma cells","DERL3",4.88584010700108,0.986666666666667,0.0375219992960225,70.5991114309409,0,0
"Plasma cells","IGLV3-1",7.88197945666078,0.553333333333333,0.00661738824357621,70.5416531604521,0,0
"Plasma cells","IGLC1",9.25676641356236,0.886666666666667,0.0285814853924674,70.2068307982569,0,0
"Plasma cells","HID1",2.97345564927993,0.536666666666667,0.00654699049630412,69.0577619390015,0,0
"Plasma cells","IGLL5",7.61229395703805,0.763333333333333,0.0221048926434354,66.72131706317,0,0
"Plasma cells","RP11-290F5.1",4.51090592358659,0.513333333333333,0.00725096796902499,65.78217043555,0,0
"Plasma cells","KCNN3",3.49014060878882,0.51,0.00760295670538543,65.0509033751069,0,0
"Plasma cells","FCRL5",2.91739728949868,0.88,0.0369588173178458,63.5697522480786,0,0
"Plasma cells","TXNDC5",4.32041597905947,0.923333333333333,0.0454065469904963,62.138354457602,0,0
"Plasma cells","IGHV3-20",9.54369816525737,0.373333333333333,0.00316789862724393,61.2869630551268,0,0
"Plasma cells","IGHGP",8.86029342431094,0.753333333333333,0.0337205209433298,59.2074917928547,0,0
"Plasma cells","CPNE5",1.71912669862001,0.766666666666667,0.0309750087997184,59.080087315277,0,0
"Plasma cells","IGHG4",9.98503132459588,0.756666666666667,0.034706089405139,58.8800103863387,0,0
"Plasma cells","IGHV3OR16-8",5.5853295230919,0.313333333333333,0.00204153467089053,58.1793762487035,0,0
"Plasma cells","IGHV3OR16-9",8.04229830402999,0.366666666666667,0.00415346708905315,57.9020641772137,0,0
"Plasma cells","IGLC6",4.25075297715517,0.34,0.0033086941217881,57.27227931137,0,0
"Plasma cells","IGHV3OR16-13",4.23182837879707,0.336666666666667,0.00316789862724393,57.2415994122687,0,0
"Plasma cells","IGHA1",9.80487656331222,0.75,0.0353396691305878,57.1079578890012,0,0
"Plasma cells","RP11-731F5.2",3.4519047644301,0.536666666666667,0.0143611404435058,56.5970667479704,0,0
"Plasma cells","IGJ",6.67164717718544,0.963333333333333,0.0696937697993664,56.3746415049405,0,0
"Plasma cells","IGHV3-74",8.83156579586594,0.366666666666667,0.00485744456177402,56.066491214772,0,0
"Plasma cells","IGHV3-53",7.84596797040342,0.383333333333333,0.00570221752903907,55.9756931456044,0,0
"Plasma cells","IGHG2",9.56917605612857,0.76,0.0413234776487152,55.6047491631066,0,0
"Plasma cells","IGLV6-57",9.34314223502682,0.33,0.00359028511087645,55.3156538648718,0,0
"Plasma cells","IGHV3-72",3.30138377788087,0.286666666666667,0.00225272791270679,54.2220828872784,0,0
"Plasma cells","IGHG3",9.72284126780987,0.773333333333333,0.0462513199577613,54.2024351122411,0,0
"Plasma cells","RP11-689B22.2",2.71136338645911,0.503333333333333,0.0142203449489616,53.9814298817252,0,0
"Plasma cells","IGHV3-48",9.05965519506194,0.396666666666667,0.00746216121084125,53.9553893021718,0,0
"Plasma cells","IGKV3OR2-268",6.8964434157776,0.433333333333333,0.00964449137627596,53.866927303423,0,0
"Plasma cells","IGHA2",11.5172148878644,0.576666666666667,0.0211193241816262,53.7469119258004,0,0
"Plasma cells","IGHV3-11",8.14819025041493,0.37,0.00626539950721577,53.4044809506897,0,0
"Plasma cells","CTB-43E15.3",3.17987339180701,0.26,0.00175994368180218,52.7696275852452,0,0
"Plasma cells","AC104699.1",2.74523938479321,0.38,0.00725096796902499,52.4957935289604,0,0
"Plasma cells","RP11-170L3.7",5.90280945515674,0.266666666666667,0.00204153467089053,52.4899336807022,0,0
"Plasma cells","TRAM2",1.87839113645072,0.713333333333333,0.0368884195705737,52.2315272230863,0,0
"Plasma cells","MZB1",4.68163975261257,0.993333333333333,0.0933474128827878,51.8853912512598,0,0
"Plasma cells","IGHV3-21",7.80097789213153,0.406666666666667,0.0100668778599085,50.6684647648669,0,0
"Plasma cells","IGHV3-7",8.7062674599236,0.393333333333333,0.00950369588173178,50.3091811985968,0,0
"Plasma cells","IGHV3-64",4.00407494439188,0.303333333333333,0.00457585357268567,49.5471835696515,0,0
"Plasma cells","RP11-498C9.13",2.78084458540127,0.45,0.0145723336853221,48.8002247270311,0,0
"Plasma cells","ITGA8",1.22838884556229,0.22,0.00147835269271383,48.5184562254399,0,0
"Plasma cells","IGKV3-7",6.00228565362491,0.286666666666667,0.00429426258359733,48.4406794128144,0,0
"Plasma cells","IGKV1D-17",6.35521626837141,0.226666666666667,0.00175994368180218,48.2776915754983,0,0
"Plasma cells","AL928768.3",2.29597646639124,0.37,0.00908130939809926,48.1741244535267,0,0
"Plasma cells","IGHV3-66",8.22253742094607,0.353333333333333,0.00844772967265047,47.6818645364439,0,0
"Plasma cells","ZNF215",2.21882165248487,0.36,0.00908130939809926,47.2648179992006,0,0
"Plasmacytoid DCs","CLEC4C",7.62672184398965,0.703571428571429,0.00133567662565905,96.159155682921,0,0
"Plasmacytoid DCs","LAMP5",6.45364021616427,0.671428571428571,0.00421792618629174,85.4969547128322,0,0
"Plasmacytoid DCs","LILRA4",9.67083658035533,0.960714285714286,0.0198242530755712,83.1437019287414,0,0
"Plasmacytoid DCs","RP11-71G12.1",6.91301771572215,0.496428571428571,0.000421792618629174,82.6477428814412,0,0
"Plasmacytoid DCs","PTCRA",7.28332599368007,0.542857142857143,0.0016871704745167,82.0206445370228,0,0
"Plasmacytoid DCs","EPHB1",6.31566946789327,0.646428571428571,0.00513181019332162,81.2163181575324,0,0
"Plasmacytoid DCs","DNASE1L3",6.24400647849517,0.703571428571429,0.00878734622144113,78.3928369925079,0,0
"Plasmacytoid DCs","RP11-38J22.6",6.40660485627072,0.853571428571429,0.0178558875219684,77.1268416668754,0,0
"Plasmacytoid DCs","PLD4",7.2038307165337,0.975,0.0307908611599297,74.4567868075156,0,0
"Plasmacytoid DCs","SERPINF1",7.76561531099246,0.953571428571429,0.0298769771528998,73.768247612207,0,0
"Plasmacytoid DCs","PTPRS",6.8715390024556,0.957142857142857,0.0321968365553603,72.4425577060499,0,0
"Plasmacytoid DCs","RP11-73G16.2",5.22139522799259,0.371428571428571,0.000140597539543058,72.2344839931246,0,0
"Plasmacytoid DCs","SCAMP5",5.58613056498217,0.596428571428571,0.00759226713532513,71.8856799959011,0,0
"Plasmacytoid DCs","GUCY2D",2.91138131502015,0.460714285714286,0.00246045694200351,71.8332885271287,0,0
"Plasmacytoid DCs","SLC12A3",5.88965806021428,0.528571428571429,0.0048506151142355,71.6587206746667,0,0
"Plasmacytoid DCs","MAP1A",4.79863378680415,0.732142857142857,0.0152548330404218,71.133621406504,0,0
"Plasmacytoid DCs","KRT5",7.03809821217066,0.414285714285714,0.00154657293497364,70.5203650597489,0,0
"Plasmacytoid DCs","SCT",3.5758578069168,0.353571428571429,0.000140597539543058,70.4344845207377,0,0
"Plasmacytoid DCs","SLC32A1",4.03409448332954,0.375,0.000632688927943761,70.2681334599591,0,0
"Plasmacytoid DCs","C1orf186",4.87411766796488,0.917857142857143,0.0305799648506151,70.0661076762535,0,0
"Plasmacytoid DCs","TNFRSF21",5.85712719454315,0.803571428571429,0.0224253075571177,69.1364488986392,0,0
"Plasmacytoid DCs","RP11-117D22.2",6.1338229010093,0.553571428571429,0.00759226713532513,67.9563330090747,0,0
"Plasmacytoid DCs","IL3RA",7.10968102516603,0.971428571428571,0.0409841827768014,67.9226056251053,0,0
"Plasmacytoid DCs","PACSIN1",4.39349616493713,0.635714285714286,0.0121616871704745,67.3633338087831,0,0
"Plasmacytoid DCs","LRRC26",4.69460367231336,0.335714285714286,0.000632688927943761,66.1461443388292,0,0
"Plasmacytoid DCs","EGLN3",6.3788982881875,0.817857142857143,0.027768014059754,65.5255877304657,0,0
"Plasmacytoid DCs","SMPD3",6.04327578077555,0.842857142857143,0.0337434094903339,63.2752218428638,0,0
"Plasmacytoid DCs","PLVAP",5.74904339301673,0.382142857142857,0.00274165202108963,63.0947398742525,0,0
"Plasmacytoid DCs","TSPAN13",5.82277092902122,0.925,0.043725834797891,62.9230398567678,0,0
"Plasmacytoid DCs","SPIB",5.18306402428203,0.960714285714286,0.0494200351493849,61.7324967068712,0,0
"Plasmacytoid DCs","CUX2",3.40314129219529,0.353571428571429,0.00224956063268893,61.5929225145256,0,0
"Plasmacytoid DCs","SCN9A",4.43071375165201,0.453571428571429,0.00618629173989455,61.5281388006328,0,0
"Plasmacytoid DCs","TPM2",6.34127090498376,0.553571428571429,0.0117398945518453,61.3802485304481,0,0
"Plasmacytoid DCs","PTGDS",8.43724357985077,0.510714285714286,0.0104042179261863,59.6065857487384,0,0
"Plasmacytoid DCs","SMIM5",5.98495262179435,0.442857142857143,0.00667838312829526,59.5374954597231,0,0
"Plasmacytoid DCs","TLR9",5.09584448659664,0.732142857142857,0.0288224956063269,58.7604225799285,0,0
"Plasmacytoid DCs","PFKFB2",5.13339784698105,0.757142857142857,0.0325483304042179,57.9236206942386,0,0
"Plasmacytoid DCs","EPHA2",4.8866205418391,0.325,0.00253075571177504,57.4381812560643,0,0
"Plasmacytoid DCs","RP11-76E17.3",5.29969647061924,0.335714285714286,0.0031634446397188,56.6045711125854,0,0
"Plasmacytoid DCs","IGJ",4.29048955187196,0.985714285714286,0.0705096660808436,56.2556742328333,0,0
"Plasmacytoid DCs","P2RY14",4.63856382389771,0.696428571428571,0.0284710017574692,55.9856326358024,0,0
"Plasmacytoid DCs","PLEKHD1",5.0602169375951,0.310714285714286,0.00274165202108963,55.0871085312018,0,0
"Plasmacytoid DCs","COL24A1",3.7852280082745,0.385714285714286,0.00625659050966608,54.4497347592104,0,0
"Plasmacytoid DCs","KCNK17",5.84897349646327,0.25,0.00105448154657294,54.0887363459918,0,0
"Plasmacytoid DCs","CYYR1",5.01458224734358,0.257142857142857,0.00133567662565905,53.7374564556172,0,0
"Plasmacytoid DCs","RP11-203M5.6",5.54700007722355,0.225,0.000492091388400703,53.7030336267969,0,0
"Plasmacytoid DCs","DERL3",4.71310796824238,0.782142857142857,0.0428822495606327,53.5604284060419,0,0
"Plasmacytoid DCs","FAM160A1",4.1593349742256,0.292857142857143,0.00260105448154657,53.3725880132898,0,0
"Plasmacytoid DCs","AC018634.9",4.08685773125365,0.242857142857143,0.00105448154657294,53.1226092225505,0,0
"Plasmacytoid DCs","LILRB4",4.51224336708626,0.946428571428571,0.0721968365553603,52.3953672396259,0,0
"Tregs","FOXP3",4.46724659789687,0.459691252144082,0.0205393540294763,66.3147506643147,0,0
"Tregs","TNFRSF4",4.2188379997226,0.536878216123499,0.0664001254311696,57.7940207288981,0,0
"Tregs","TNFRSF18",3.25370339640916,0.639222412807319,0.128253370962684,53.8288034769515,0,0
"Tregs","CD4",2.33889368322345,0.767295597484277,0.223424270931326,50.1933663339245,0,0
"Tregs","CCR8",5.08653518093621,0.254431103487707,0.0116023831922233,48.3078807506231,0,0
"Tregs","MAF",2.28238437263948,0.691823899371069,0.213860144245845,44.9439164318801,0,0
"Tregs","SPOCK2",1.94742281997656,0.895940537449971,0.48016619629978,41.2901643548446,0,0
"Tregs","F5",3.5758191710957,0.296740994854202,0.0361398557541549,41.1465477800617,0,0
"Tregs","ICA1",3.65630297918697,0.299028016009148,0.0390404515522107,40.5466443805373,0,0
"Tregs","CTLA4",1.84139741841273,0.736992567181246,0.285042333019755,39.2082686382452,0,0
"Tregs","ICOS",2.13309244845507,0.64379645511721,0.234556287237378,38.4587081275458,0,0
"Tregs","IL12RB2",2.95950829895723,0.304745568896512,0.0461743493258075,38.1771230593445,0,0
"Tregs","FBLN7",3.05465460420615,0.283590623213265,0.0397460018814675,37.9845543767367,0,0
"Tregs","IL2RA",3.82973958687198,0.329331046312178,0.0602069614299153,37.5653862841331,0,0
"Tregs","RTKN2",3.01103935717827,0.313893653516295,0.0522107243650047,37.5572952088698,0,0
"Tregs","ARID5B",1.61910885084685,0.854202401372213,0.49678582627783,36.0701823321646,6.65720501538216e-285,2.68285362119901e-282
"Tregs","BATF",2.1309503180003,0.640937678673528,0.264267795547193,35.4890868307203,7.24299378358312e-276,2.7729801700448e-273
"Tregs","TBC1D4",2.33278153133573,0.520297312750143,0.174584509250549,35.0897283271414,9.66922109382225e-270,3.52558218644747e-267
"Tregs","TMEM173",1.91618508993444,0.646655231560892,0.293744120413923,33.3032342970184,3.46642845892045e-243,1.20647466863427e-240
"Tregs","CCR4",2.49957930062537,0.283590623213265,0.0573847601128881,32.1421292568604,1.13776960621645e-226,3.62995911449974e-224
"Tregs","CD28",1.62226037218822,0.628930817610063,0.26928504233302,31.9680053140309,3.03701733629589e-224,9.30177669760706e-222
"Tregs","MAGEH1",3.02467036854204,0.313893653516295,0.0754154907494512,31.8226702544024,3.14484386811987e-222,9.26156519161303e-220
"Tregs","AC145110.1",3.48423991887176,0.130360205831904,0.00878018187519599,31.6209181354472,1.90464502305414e-219,5.40143220056502e-217
"Tregs","TIGIT",1.36802094408753,0.734133790737564,0.37260896832863,31.4936548847619,1.06102247849193e-217,2.90151754207598e-215
"Tregs","PBXIP1",1.50815369870646,0.783304745568897,0.44379115710254,31.0367224398238,1.72355122203729e-211,4.55076955418604e-209
"Tregs","FAAH2",2.2432719872502,0.316752429959977,0.0776889306992788,30.6264395224126,5.44344387643104e-206,1.34453063747847e-203
"Tregs","GK",2.36895533870998,0.465980560320183,0.167842583882095,30.1044500934653,4.23723547854321e-199,9.83167032097132e-197
"Tregs","ZC3H12D",1.83355422455697,0.489422527158376,0.189322671683913,29.4838387684231,4.63945919978985e-191,1.04483350272914e-188
"Tregs","PIM2",1.48961783917914,0.882790165809034,0.663530887425525,29.3047103771623,9.03274872955317e-189,1.9761073434911e-186
"Tregs","PTPN13",3.02801794484685,0.161806746712407,0.0214016933207902,28.881355851546,2.0473191688047e-183,4.23684402041556e-181
"Tregs","TRAC",0.946518454984837,0.952544311034877,0.697710881153967,28.7005505710994,3.75535300886694e-181,7.56703631286689e-179
"Tregs","TIAM1",2.00513426630919,0.432246998284734,0.157886484791471,28.6121096392038,4.74963859627565e-180,9.32512377735454e-178
"Tregs","DUSP4",1.10744503463176,0.778730703259005,0.439244277202885,28.4474182798876,5.24493309126293e-178,1.00401131699501e-175
"Tregs","TNFRSF25",1.62020595044405,0.430531732418525,0.155299466917529,27.9275458141205,1.23548102648834e-171,2.30733615117591e-169
"Tregs","IL32",1.13454790329578,0.903373356203545,0.692380056444026,27.5960780053836,1.24008017756581e-167,2.20820788828404e-165
"Tregs","TSHZ2",1.66050909929482,0.270440251572327,0.0684383819379116,27.3600103907566,8.20916144407384e-165,1.42858066311985e-162
"Tregs","AC017002.1",2.07340757716575,0.390508862206975,0.141580432737535,27.1635522892213,1.75151377909731e-162,2.91550891446698e-160
"Tregs","HNRNPA1P21",4.64881374040947,0.169239565465981,0.0286139855754155,27.0849370584118,1.48166226187686e-161,2.41384849770023e-159
"Tregs","ETV7",2.18826907539264,0.275014293882218,0.0761994355597366,26.3643228066104,3.51670373614317e-153,5.27988245248004e-151
"Tregs","PHTF2",1.73593828641473,0.495711835334477,0.226716839134525,26.1665555237298,6.38726643860926e-151,9.22779228687379e-149
"Tregs","RP11-265P11.2",2.82070293340195,0.119496855345912,0.0134838507369081,26.0075684199764,4.06624248515394e-149,5.76578124237476e-147
"Tregs","CD2",0.872896872035189,0.894225271583762,0.635308874255252,25.9441950248286,2.11434822795236e-148,2.89099363954129e-146
"Tregs","TRBC2",0.71656496018317,0.992567181246427,0.812715584822828,25.7414637506821,4.01704935315452e-146,5.39623629773757e-144
"Tregs","HS3ST3B1",1.92316842239643,0.369925671812464,0.138052681091251,25.4247002481744,1.34492505518706e-142,1.77553295647712e-140
"Tregs","IKZF4",2.53276590559472,0.221269296740995,0.0545625587958608,25.3925711949803,3.0463809291404e-142,3.887689795738e-140
"Tregs","CORO1B",2.03200379323427,0.455117209834191,0.209626842270304,25.3093337506668,2.52134118375552e-141,3.16490318754361e-139
"Tregs","IKZF2",1.95235520005835,0.331618067467124,0.114299153339605,25.2711799460065,6.62741246405696e-141,8.18485439311035e-139
"Tregs","STAM",1.94888522935399,0.389365351629503,0.157572906867357,24.7566495839117,2.62906366281161e-135,3.09703699479207e-133
"Tregs","LTB",1.46673597884099,0.523727844482561,0.261680777673252,24.5085857267917,1.19646614393464e-132,1.38808200971326e-130
"Tregs","MBOAT1",1.5413427535645,0.471698113207547,0.223424270931326,24.4625612133007,3.6994434108676e-132,4.2278564473154e-130
"Unresolved","TRBV7-7",3.77636254695058,0.52924791086351,0.0288677739899906,58.6158230465568,0,0
"Unresolved","TRBV6-7",3.5146259667285,0.296657381615599,0.00362660477261188,57.4323051825551,0,0
"Unresolved","TRBV6-8",4.57057277909321,0.29108635097493,0.00427939363168202,55.775954037425,0,0
"Unresolved","TRBV7-6",4.77598485613975,0.532033426183844,0.038151882207877,54.1496638199607,0,0
"Unresolved","TRBV7-4",3.50013397141666,0.323119777158774,0.00913904402698194,52.7919780573827,0,0
"Unresolved","TRBV6-9",2.33442763837087,0.249303621169916,0.00928410821788641,43.6504784906278,0,0
"Unresolved","TRBV6-6",2.28140844948075,0.245125348189415,0.0136360339450207,38.3502106594841,0,0
"Unresolved","TRBV7-1",1.56268797012479,0.384401114206128,0.0406179734532531,37.9106584398406,0,0
"Unresolved","TRBV6-1",0.356305199836022,0.306406685236769,0.0266192790309712,36.6848830838394,1.27226159111846e-294,1.06954791093358e-291
"Unresolved","TRBV6-5",1.2946365971211,0.338440111420613,0.0392398636396605,34.1555759554019,1.10510651837353e-255,8.36123591801415e-253
"Unresolved","PTPN3",3.13287154637864,0.11142061281337,0.00805106259519837,23.7775643894885,5.70052153877842e-125,3.92092236021796e-122
"Unresolved","TRBV7-8",-1.34916036147087,0.247910863509749,0.0510625951983753,20.6527629830223,9.21933652553227e-95,5.8127916793481e-92
"Unresolved","TRBC2",0.708261206095866,1,0.825777906723725,19.1042619808901,2.32694302871032e-81,1.35428084270941e-78
"Unresolved","FXYD2",3.13689256719482,0.129526462395543,0.0242257198810474,16.4133767901591,1.53429440424965e-60,8.29176533039489e-58
"Unresolved","TRBV7-3",0.277823795992735,0.185236768802228,0.050990063102923,14.3699274730379,7.99148911155139e-47,4.03090710786652e-44
"Unresolved","GZMK",0.944423757228344,0.614206128133705,0.351853195038805,14.3335626327756,1.350129804383e-46,6.38442631247613e-44
"Unresolved","CD27",0.915806983266403,0.639275766016713,0.409588743018786,13.751916413839,4.95980929468282e-43,2.20740688962178e-40
"Unresolved","CD3G",0.570834338950397,0.928969359331476,0.706607673895699,13.6504104793959,2.00744603367005e-42,8.43796482819312e-40
"Unresolved","CD3D",0.613249104336094,0.860724233983287,0.620874737071154,13.5556153175437,7.33940991507119e-42,2.92263028512782e-39
"Unresolved","TRAC",0.520062233203249,0.944289693593315,0.717197359831726,13.3558303786501,1.09529880499481e-40,4.14351537929538e-38
"Unresolved","CD8B",0.720085349819517,0.523676880222841,0.31312105606731,11.5275699856867,9.58099414789942e-31,3.45189532014319e-28
"Unresolved","CD8A",0.727573803085176,0.63091922005571,0.436062957858853,11.505291295877,1.2406973955752e-30,4.26687113405545e-28
"Unresolved","CD3E",0.587634344795847,0.866295264623955,0.674258359324001,11.3250343878518,9.8640155452601e-30,3.24483224414947e-27
"Unresolved","TMSB4X",0.31449810428137,1,0.997461376659172,11.2481274834761,2.3656084859896e-29,7.45758075208221e-27
"Unresolved","KLRK1",0.560676926145267,0.714484679665738,0.49495901936607,10.9302299170939,8.26387752200574e-28,2.40478835890367e-25
"Unresolved","PTPRCAP",0.507036930493161,0.877437325905292,0.755566838325959,10.8423193960282,2.1690112664738e-27,6.07805157116325e-25
"Unresolved","LAT",0.745368880148034,0.596100278551532,0.410096467686951,10.7164899826743,8.51745903396783e-27,2.30153910896431e-24
"Unresolved","GZMA",0.585325064243487,0.667130919220056,0.458692971639951,10.6293035474624,2.17732330101193e-26,5.6805614122263e-24
"Unresolved","CTD-2313F11.1",0.975513949883707,0.353760445682451,0.19837528106187,10.240133585073,1.31055293602222e-24,3.09863859810753e-22
"Unresolved","LCK",0.516667037203036,0.766016713091922,0.595851164140132,10.2362338841709,1.36444662755646e-24,3.12830399517945e-22
"Unresolved","LIME1",0.779472495783932,0.491643454038997,0.326829622107783,10.1059627084516,5.19824765833409e-24,1.15676299361634e-21
"Unresolved","CCL5",0.584842200791267,0.778551532033426,0.64539058533401,10.0518781766445,9.01329395591128e-24,1.94841663058356e-21
"Unresolved","TIGIT",0.554871864745717,0.596100278551532,0.406832523391601,9.93279312673541,2.99739470970942e-23,5.96797062464776e-21
"Unresolved","CD6",0.554975181753326,0.593314763231198,0.406107202437078,9.76702096598819,1.55970802298199e-22,2.87823192728823e-20
"Unresolved","HLA-A",0.269497464684348,0.998607242339833,0.996736055704649,9.6155321426375,6.87529156260633e-22,1.2097315340158e-19
"Unresolved","PFN1",0.368685104827313,0.98050139275766,0.963806484369333,9.57864684782036,9.83246492050558e-22,1.65316510196767e-19
"Unresolved","CD2",0.443062856399128,0.83983286908078,0.657503445274534,9.49899135609577,2.11933082234162e-21,3.41167170251844e-19
"Unresolved","DENND2D",0.709727735756845,0.610027855153203,0.460216145644448,9.45807716290183,3.13657783979785e-21,4.74626958718211e-19
"Unresolved","SIRPG",0.624108846972616,0.516713091922006,0.343874664539059,9.43397298766991,3.94843199798269e-21,5.8576149993602e-19
"Unresolved","ZAP70",0.463453957481552,0.724233983286908,0.541307028360049,9.34617202700691,9.08773234870303e-21,1.25014150818704e-18
"Unresolved","LYST",0.581947445867352,0.724233983286908,0.591281642126641,9.19931177678337,3.60249628221407e-20,4.69939428814339e-18
"Unresolved","IKZF3",0.52385722677124,0.593314763231198,0.417059548850366,9.10888855869306,8.32302165750823e-20,1.06732172645267e-17
"Unresolved","TMSB4XP8",0.378014650416587,0.986072423398329,0.958946833974033,9.1033727331001,8.75692770330551e-20,1.10424858338682e-17
"Unresolved","NKG7",0.48495135073961,0.70891364902507,0.529266700514978,9.06628151772663,1.23147994920702e-19,1.52743890093448e-17
"Unresolved","DTHD1",0.522692597868775,0.352367688022284,0.210125480525132,8.85744527872898,8.18689782515234e-19,9.67844827267229e-17
"Unresolved","HAVCR2",0.802919371286554,0.477715877437326,0.341045912816421,8.54679145561813,1.26557571812594e-17,1.38773128744071e-15
"Unresolved","RP4-583P15.14",0.623420560426038,0.452646239554318,0.30601291071299,8.38891389430218,4.90653890794382e-17,5.08532512020588e-15
"Unresolved","TMSB4XP4",0.327105044691471,0.916434540389972,0.84441865525495,8.379777319228,5.30279322343095e-17,5.42174777411872e-15
"Unresolved","RP11-264B17.5",0.768974439604992,0.385793871866295,0.25219409588743,8.31334817048025,9.30390342433652e-17,9.02478632160642e-15
"Unresolved","CST7",0.388268939962483,0.743732590529248,0.571262783781823,8.30991312141549,9.57721649387981e-17,9.17230632818919e-15
