"cell_type","mean_Non-responder","mean_Responder","diff","auc","pvalue","qvalue"
"Cycling",0.0750968764459596,0.0127972868254893,-0.0622995896204703,0.1,0.000603491083635292,0.00429997936829951
"B cells",0.0442458037239927,0.179123597336723,0.13487779361273,0.888888888888889,0.000859995873659903,0.00429997936829951
"Plasmacytoid DCs",0.0250131972702913,0.00846152688583389,-0.0165516703844574,0.222222222222222,0.0167686422139583,0.0558954740465276
"CD8 effector",0.227856840052493,0.10553972706974,-0.122317112982753,0.244444444444444,0.0291421678650802,0.0728554196627006
"Memory-naive T",0.13032003730881,0.2871841413617,0.15686410405289,0.733333333333333,0.0466159799046389,0.0932319598092778
"Monocytes-Macrophages",0.065092864556673,0.0321803357294893,-0.0329125288271837,0.325,0.136652219059977,0.227753698433295
"Tregs",0.120262262844308,0.0934137121158601,-0.026848550728448,0.344444444444444,0.187328269875307,0.267611814107582
"Unresolved",0.0526414200689461,0.051280765750053,-0.0013606543188931,0.361111111111111,0.240120727194607,0.300150908993259
"CD8 exhausted",0.238065290124481,0.178956304133275,-0.0591089859912064,0.372222222222222,0.280680270962697,0.31186696773633
"Plasma cells",0.0214054076040459,0.0510626027918372,0.0296571951877913,0.583333333333333,0.483545696898843,0.483545696898843
