analysis,population,n_patients,mean_Pre,mean_Post,median_delta,log2FC,n_increase,n_decrease,statistic,pval,qval,significant,n_responder,n_nonresponder,mean_R,mean_NR,median_R,median_NR,auc
treatment_paired,CD8 cycling,11.0,0.0005913552516192557,0.010932591612369669,0.0,3.9962006896552467,5.0,0.0,,0.0625,0.875,False,,,,,,,
treatment_paired,DC,11.0,0.0991850651666407,0.044684963386909506,-0.06833333333333333,-1.1485622917176281,3.0,8.0,,0.1474609375,0.9794034090909091,False,,,,,,,
treatment_paired,CD8 tissue-resident,11.0,0.10808831355479934,0.11085479667210314,-0.03518399428367274,0.03642736942598953,3.0,8.0,,0.46484375,0.9794034090909091,False,,,,,,,
treatment_paired,CD4 T,11.0,0.24052781841187693,0.19817331910538494,-0.006978172145406358,-0.27931288612678434,5.0,6.0,,0.5771484375,0.9794034090909091,False,,,,,,,
treatment_paired,CD8 exhausted/dysfunctional,11.0,0.11849965363336391,0.12334338821737528,0.019736842105263164,0.057749769451407966,7.0,4.0,,0.6376953125,0.9794034090909091,False,,,,,,,
treatment_paired,CD8 effector/cytotoxic,11.0,0.04861535243477299,0.07239529892499734,0.010781843432506912,0.573510941134953,6.0,5.0,,0.6376953125,0.9794034090909091,False,,,,,,,
treatment_paired,NK,11.0,0.1439151494030383,0.13169130425509046,-0.0230263157894737,-0.12796539846985205,5.0,6.0,,0.7001953125,0.9794034090909091,False,,,,,,,
treatment_paired,B,11.0,0.039220696696450376,0.0772387269588573,0.003289473684210526,0.9759021329746715,6.0,5.0,,0.7646484375,0.9794034090909091,False,,,,,,,
treatment_paired,pDC,11.0,0.02006702857449191,0.01856320606373404,-0.00107560398616738,-0.1118016905877901,4.0,7.0,,0.7646484375,0.9794034090909091,False,,,,,,,
treatment_paired,Cycling,11.0,0.05190184654274488,0.07122426904212176,0.006578947368421052,0.45583020352643466,6.0,5.0,,0.7646484375,0.9794034090909091,False,,,,,,,
treatment_paired,CD8 memory-like (TCF7+),11.0,0.020135156122395578,0.015821091032976492,0.0,-0.3459247764339178,5.0,5.0,,0.76953125,0.9794034090909091,False,,,,,,,
treatment_paired,Plasma,11.0,0.0334909010209734,0.00835187916605812,0.0,-1.9907264472646065,5.0,3.0,,0.84375,0.984375,False,,,,,,,
treatment_paired,Treg,11.0,0.057482741749193475,0.06136246504511737,-8.19680200864481e-05,0.09406914642590017,5.0,6.0,,0.9658203125,1.0,False,,,,,,,
treatment_paired,Melanocytic,11.0,0.018278921437638925,0.055362700516904596,0.0,1.5934657589809036,5.0,5.0,,1.0,1.0,False,,,,,,,
response_all_timepoints,B,,,,,1.9502605259971597,,,215.0,0.00023438478526987384,0.003281386993778234,True,12.0,20.0,0.19027808321722414,0.04916404091101176,0.13209938094644563,0.011592941909428466,0.8958333333333334
response_all_timepoints,Cycling,,,,,-1.9714602084493413,,,33.0,0.0007564892883976456,0.005295425018783519,True,12.0,20.0,0.015727042176805213,0.06196809521631458,0.013043795478449641,0.04116094849481617,0.1375
response_all_timepoints,CD8 exhausted/dysfunctional,,,,,-1.2373075033815641,,,56.0,0.01344594664381595,0.06274775100447444,True,12.0,20.0,0.056349942711391064,0.1329853275710108,0.024690030055151194,0.094559429929793,0.23333333333333334
response_all_timepoints,NK,,,,,-0.9130628215314679,,,59.0,0.018524734249302295,0.06483656987255804,True,12.0,20.0,0.07550366647634743,0.14226464672766218,0.06348840331908893,0.1476341093117409,0.24583333333333332
response_all_timepoints,CD4 T,,,,,0.48213613556161017,,,172.0,0.0450021054714622,0.11871180241336869,False,12.0,20.0,0.25910703448568156,0.18547067379892754,0.23314236579532902,0.17134978101409284,0.7166666666666667
response_all_timepoints,pDC,,,,,-1.1699937836825547,,,69.5,0.05087648674858658,0.11871180241336869,False,12.0,20.0,0.009708225071895655,0.02196955857972292,0.004085254085254085,0.011461920015541742,0.28958333333333336
response_all_timepoints,DC,,,,,-0.815971459307724,,,74.0,0.07643861001474181,0.15287722002948362,False,12.0,20.0,0.03408254637775227,0.06007779860794289,0.01670996149523757,0.047844820086671666,0.30833333333333335
response_all_timepoints,Treg,,,,,-0.1744163327509978,,,82.0,0.14437652319832986,0.25265891559707726,False,12.0,20.0,0.04848028537348645,0.054723228788708465,0.033960616565118174,0.05640776193179384,0.3416666666666667
response_all_timepoints,CD8 cycling,,,,,-0.18916866157713005,,,143.0,0.3552037720480372,0.5525392009636134,False,12.0,20.0,0.007250992658131444,0.008280914890869032,0.0041736793528421735,0.0,0.5958333333333333
response_all_timepoints,Plasma,,,,,1.0238197248162508,,,142.0,0.3990025197818976,0.5586035276946566,False,12.0,20.0,0.03602228860577859,0.017665392656838717,0.006560320294751098,0.004386998706027794,0.5916666666666667
response_all_timepoints,CD8 tissue-resident,,,,,0.26065689356863225,,,137.0,0.5207033237981002,0.6627133211975822,False,12.0,20.0,0.15016874561360335,0.12533048962263166,0.12632858148616444,0.06227122829030572,0.5708333333333333
response_all_timepoints,Melanocytic,,,,,-0.884462890686367,,,109.0,0.6804163926769353,0.7938191247897579,False,12.0,20.0,0.015448368421910332,0.028603488545118266,0.0043255052525466,0.009280602089647955,0.45416666666666666
response_all_timepoints,CD8 effector/cytotoxic,,,,,-0.16971405834056144,,,111.0,0.7407486877350211,0.7977293560223304,False,12.0,20.0,0.08178107907458904,0.09200274620665455,0.04169040101436995,0.04924248616830128,0.4625
response_all_timepoints,CD8 memory-like (TCF7+),,,,,0.04338002474737699,,,119.0,0.9844721730945954,0.9844721730945954,False,12.0,20.0,0.020091699735403503,0.019493597876586652,0.016246731310813552,0.019741494177125073,0.49583333333333335
response_baseline_only,Cycling,,,,,-2.484623571251283,,,4.0,0.0009387678429314005,0.013142749801039608,True,9.0,10.0,0.012460994785072147,0.07020241729903165,0.011834319526627219,0.05854416991030631,0.044444444444444446
response_baseline_only,pDC,,,,,-2.1626199261504713,,,14.0,0.011989570760406151,0.05956070181899244,True,9.0,10.0,0.005016983943252123,0.02281012829325233,0.005934718100890208,0.017608359133126934,0.15555555555555556
response_baseline_only,CD4 T,,,,,0.8822724838222227,,,76.0,0.012763007532641236,0.05956070181899244,True,9.0,10.0,0.3236993032229336,0.17556507598517637,0.378698224852071,0.1339260358552963,0.8444444444444444
response_baseline_only,B,,,,,3.079570889313042,,,73.0,0.0244924473897125,0.08572356586399375,True,9.0,10.0,0.16622829656035273,0.019575370913829,0.09363295880149813,0.01064298904006394,0.8111111111111111
response_baseline_only,DC,,,,,-1.9773306151060948,,,19.5,0.04033968996257134,0.10606235464780309,False,9.0,10.0,0.024206247655828943,0.09560921299585225,0.008902077151335312,0.08067408781694496,0.21666666666666667
response_baseline_only,CD8 exhausted/dysfunctional,,,,,-1.503492091315167,,,20.0,0.04545529484905846,0.10606235464780309,False,9.0,10.0,0.06239606611056132,0.1770939537642628,0.047337278106508875,0.16775011891549074,0.2222222222222222
response_baseline_only,Melanocytic,,,,,-1.0965122857316703,,,23.0,0.06347354081091164,0.12694708162182328,False,9.0,10.0,0.009485968586173085,0.020398358770907187,0.0,0.007297066736662511,0.25555555555555554
response_baseline_only,NK,,,,,-0.6142535589733813,,,29.0,0.20566717961735548,0.3599175643303721,False,9.0,10.0,0.0880834853121344,0.13488826202201834,0.04437869822485207,0.06937036648315476,0.32222222222222224
response_baseline_only,Treg,,,,,0.21708390206752634,,,34.0,0.3912672792826394,0.6086379899952168,False,9.0,10.0,0.0633941133068272,0.05452415057108874,0.036036036036036036,0.04988344988344988,0.37777777777777777
response_baseline_only,CD8 effector/cytotoxic,,,,,0.5997447671262931,,,53.0,0.5402913746074198,0.7564079244503877,False,9.0,10.0,0.09842168951200009,0.0649115747838561,0.043668122270742356,0.040351183208326064,0.5888888888888889
response_baseline_only,CD8 cycling,,,,,1.6026877094139593,,,51.0,0.6171516237936279,0.7854657030100719,False,9.0,10.0,0.0038631931186933538,0.0012049328406572072,0.0,0.0,0.5666666666666667
response_baseline_only,Plasma,,,,,-3.0938934995551195,,,40.5,0.723972778119617,0.8346707101062425,False,9.0,10.0,0.004326658952530149,0.0376946919777716,0.0,0.0015151515151515152,0.45
response_baseline_only,CD8 memory-like (TCF7+),,,,,0.20591034388597446,,,49.0,0.7750513736700824,0.8346707101062425,False,9.0,10.0,0.022871146054861777,0.019815787017732657,0.017804154302670624,0.016201850515125665,0.5444444444444444
response_baseline_only,CD8 tissue-resident,,,,,0.1282909610933092,,,47.0,0.9025232501776794,0.9025232501776794,False,9.0,10.0,0.11554585287877911,0.10570608276456377,0.09202453987730061,0.1044487222880352,0.5222222222222223
