sample,B cells,CD8 effector,Cycling,Memory-naive T,Monocytes-Macrophages,Plasma cells,Plasmacytoid DCs,Tregs,Unresolved,patient,timepoint,response,therapy
Post_P1,0.016597510373443983,0.11203319502074689,0.0912863070539419,0.004149377593360996,0.04149377593360996,0.004149377593360996,0.004149377593360996,0.02074688796680498,0.7053941908713693,P1,Post,Responder,anti-PD1
Post_P10,0.04696132596685083,0.20994475138121546,0.03591160220994475,0.09944751381215469,0.013812154696132596,0.04419889502762431,0.058011049723756904,0.06353591160220995,0.4281767955801105,P10,Post,Non-responder,anti-PD1
Post_P11,0.0033444816053511705,0.18394648829431437,0.013377926421404682,0.14381270903010032,0.08361204013377926,0.0,0.0033444816053511705,0.013377926421404682,0.5551839464882943,P11,Post,Non-responder,anti-PD1
Post_P12,0.0033003300330033004,0.04950495049504951,0.0297029702970297,0.039603960396039604,0.0231023102310231,0.0,0.0033003300330033004,0.0627062706270627,0.7887788778877888,P12,Post,Non-responder,anti-PD1
Post_P13,0.2822966507177033,0.34688995215311,0.007177033492822967,0.050239234449760764,0.01674641148325359,0.0,0.004784688995215311,0.03349282296650718,0.2583732057416268,P13,Post,Non-responder,anti-CTLA4+PD1
Post_P14,0.06291390728476821,0.19536423841059603,0.023178807947019868,0.2185430463576159,0.1986754966887417,0.0,0.006622516556291391,0.009933774834437087,0.2847682119205298,P14,Post,Non-responder,anti-PD1
Post_P15,0.020689655172413793,0.09655172413793103,0.03103448275862069,0.20689655172413793,0.0896551724137931,0.0,0.02413793103448276,0.05172413793103448,0.4793103448275862,P15,Post,Non-responder,anti-PD1
Post_P16,0.015945330296127564,0.20273348519362186,0.06605922551252848,0.1275626423690205,0.04328018223234624,0.004555808656036446,0.10933940774487472,0.03416856492027335,0.39635535307517084,P16,Post,Non-responder,anti-PD1
Post_P17,0.10294117647058823,0.049019607843137254,0.0,0.24509803921568626,0.09313725490196079,0.09313725490196079,0.0,0.00980392156862745,0.4068627450980392,P17,Post,Responder,anti-PD1
Post_P18,0.31645569620253167,0.08016877637130802,0.012658227848101266,0.13924050632911392,0.029535864978902954,0.008438818565400843,0.0,0.06751054852320675,0.3459915611814346,P18,Post,Non-responder,anti-PD1
Post_P19,0.2473404255319149,0.15425531914893617,0.0,0.22074468085106383,0.07446808510638298,0.0026595744680851063,0.05585106382978723,0.034574468085106384,0.21010638297872342,P19,Post,Responder,anti-PD1
Post_P1_2,0.09032258064516129,0.04838709677419355,0.041935483870967745,0.14516129032258066,0.012903225806451613,0.0032258064516129032,0.0032258064516129032,0.05806451612903226,0.5967741935483871,P1,Post,Non-responder,anti-PD1
Post_P2,0.01791044776119403,0.1044776119402985,0.04477611940298507,0.05373134328358209,0.020895522388059702,0.020895522388059702,0.0029850746268656717,0.0626865671641791,0.6716417910447762,P2,Post,Non-responder,anti-PD1
Post_P20,0.043227665706051875,0.3400576368876081,0.09510086455331412,0.07780979827089338,0.008645533141210375,0.005763688760806916,0.040345821325648415,0.07492795389048991,0.31412103746397696,P20,Post,Non-responder,anti-PD1
Post_P21,0.22093023255813954,0.05232558139534884,0.0,0.25,0.005813953488372093,0.20348837209302326,0.0,0.023255813953488372,0.2441860465116279,P21,Post,Responder,anti-PD1
Post_P22,0.003952569169960474,0.11462450592885376,0.04743083003952569,0.011857707509881422,0.04743083003952569,0.007905138339920948,0.003952569169960474,0.007905138339920948,0.7549407114624506,P22,Post,Non-responder,anti-PD1
Post_P23,0.020895522388059702,0.09253731343283582,0.07462686567164178,0.08358208955223881,0.0955223880597015,0.0029850746268656717,0.011940298507462687,0.03880597014925373,0.5791044776119403,P23,Post,Non-responder,anti-PD1
Post_P23_2,0.026627218934911243,0.08579881656804733,0.07396449704142012,0.07988165680473373,0.023668639053254437,0.014792899408284023,0.0029585798816568047,0.047337278106508875,0.6449704142011834,P23,Post,Non-responder,anti-PD1
Post_P28,0.0,0.0032679738562091504,0.006535947712418301,0.00980392156862745,0.954248366013072,0.0,0.0,0.006535947712418301,0.0196078431372549,P28,Post,Non-responder,anti-CTLA4+PD1
Post_P28_2,0.0,0.03064066852367688,0.04178272980501393,0.116991643454039,0.25069637883008355,0.0,0.005571030640668524,0.10584958217270195,0.44846796657381616,P28,Post,Non-responder,anti-CTLA4+PD1
Post_P3,0.0,0.16541353383458646,0.02631578947368421,0.18796992481203006,0.05263157894736842,0.0,0.0037593984962406013,0.05263157894736842,0.5112781954887218,P3,Post,Non-responder,anti-PD1
Post_P30,0.005847953216374269,0.043859649122807015,0.09649122807017543,0.05847953216374269,0.18128654970760233,0.0029239766081871343,0.03508771929824561,0.05847953216374269,0.5175438596491229,P30,Post,Non-responder,anti-PD1
Post_P3_2,0.006369426751592357,0.12420382165605096,0.006369426751592357,0.2802547770700637,0.03821656050955414,0.0,0.01910828025477707,0.025477707006369428,0.5,P3,Post,Non-responder,anti-PD1
Post_P4,0.32234432234432236,0.19597069597069597,0.016483516483516484,0.19047619047619047,0.01098901098901099,0.005494505494505495,0.014652014652014652,0.031135531135531136,0.21245421245421245,P4,Post,Responder,anti-CTLA4+PD1
Post_P5,0.003816793893129771,0.07251908396946564,0.06870229007633588,0.0916030534351145,0.11068702290076336,0.011450381679389313,0.007633587786259542,0.0916030534351145,0.5419847328244275,P5,Post,Non-responder,anti-PD1
Post_P5_2,0.003289473684210526,0.05921052631578947,0.0,0.1875,0.01644736842105263,0.0,0.0,0.02631578947368421,0.7072368421052632,P5,Post,Responder,anti-PD1
Post_P6,0.01928374655647383,0.14600550964187328,0.38292011019283745,0.005509641873278237,0.1487603305785124,0.01928374655647383,0.09090909090909091,0.05509641873278237,0.1322314049586777,P6,Post,Non-responder,anti-PD1
Post_P7,0.010638297872340425,0.09574468085106383,0.02127659574468085,0.12234042553191489,0.05851063829787234,0.0,0.0,0.031914893617021274,0.6595744680851063,P7,Post,Responder,anti-CTLA4+PD1
Post_P8,0.22857142857142856,0.22857142857142856,0.009523809523809525,0.09523809523809523,0.009523809523809525,0.006349206349206349,0.006349206349206349,0.022222222222222223,0.39365079365079364,P8,Post,Responder,anti-CTLA4+PD1
Pre_P1,0.0,0.18666666666666668,0.03111111111111111,0.2,0.013333333333333334,0.0,0.013333333333333334,0.04888888888888889,0.5066666666666667,P1,Pre,Responder,anti-CTLA4
Pre_P12,0.006230529595015576,0.20249221183800623,0.012461059190031152,0.08411214953271028,0.1588785046728972,0.003115264797507788,0.040498442367601244,0.04672897196261682,0.4454828660436137,P12,Pre,Non-responder,anti-PD1
Pre_P15,0.013888888888888888,0.13194444444444445,0.041666666666666664,0.1875,0.08333333333333333,0.0,0.020833333333333332,0.05555555555555555,0.4652777777777778,P15,Pre,Non-responder,anti-PD1
Pre_P2,0.015432098765432098,0.07716049382716049,0.05864197530864197,0.07407407407407407,0.10802469135802469,0.0030864197530864196,0.0030864197530864196,0.06790123456790123,0.5925925925925926,P2,Pre,Non-responder,anti-PD1
Pre_P20,0.014134275618374558,0.06713780918727916,0.10247349823321555,0.1166077738515901,0.10600706713780919,0.028268551236749116,0.01060070671378092,0.028268551236749116,0.5265017667844523,P20,Pre,Non-responder,anti-PD1
Pre_P24,0.03571428571428571,0.041666666666666664,0.008928571428571428,0.4166666666666667,0.011904761904761904,0.0,0.008928571428571428,0.050595238095238096,0.4255952380952381,P24,Pre,Responder,anti-PD1
Pre_P25,0.0,0.25205479452054796,0.019178082191780823,0.14794520547945206,0.0,0.0,0.0,0.01643835616438356,0.5643835616438356,P25,Pre,Non-responder,anti-PD1
Pre_P26,0.5709779179810726,0.01892744479495268,0.006309148264984227,0.0946372239747634,0.04100946372239748,0.0031545741324921135,0.006309148264984227,0.0473186119873817,0.2113564668769716,P26,Pre,Responder,anti-CTLA4+PD1
Pre_P27,0.0030211480362537764,0.0755287009063444,0.027190332326283987,0.13293051359516617,0.03625377643504532,0.0,0.02416918429003021,0.04229607250755287,0.6586102719033232,P27,Pre,Non-responder,anti-PD1
Pre_P28,0.009523809523809525,0.11428571428571428,0.0,0.26031746031746034,0.0031746031746031746,0.0,0.006349206349206349,0.12698412698412698,0.4793650793650794,P28,Pre,Responder,anti-CTLA4+PD1
Pre_P29,0.0410958904109589,0.03424657534246575,0.0136986301369863,0.06164383561643835,0.0821917808219178,0.0136986301369863,0.0,0.0821917808219178,0.6712328767123288,P29,Pre,Responder,anti-PD1
Pre_P3,0.03184713375796178,0.25477707006369427,0.044585987261146494,0.11464968152866242,0.025477707006369428,0.0,0.01910828025477707,0.05732484076433121,0.45222929936305734,P3,Pre,Non-responder,anti-PD1
Pre_P31,0.011594202898550725,0.043478260869565216,0.09565217391304348,0.0927536231884058,0.005797101449275362,0.002898550724637681,0.011594202898550725,0.02608695652173913,0.7101449275362319,P31,Pre,Non-responder,anti-PD1
Pre_P33,0.12093023255813953,0.03255813953488372,0.01627906976744186,0.3930232558139535,0.0,0.009302325581395349,0.0,0.027906976744186046,0.4,P33,Pre,Responder,anti-PD1
Pre_P35,0.45064377682403434,0.08583690987124463,0.0,0.14163090128755365,0.0,0.004291845493562232,0.0,0.02575107296137339,0.2918454935622318,P35,Pre,Responder,anti-PD1
Pre_P4,0.04310344827586207,0.09913793103448276,0.07758620689655173,0.09051724137931035,0.2543103448275862,0.0,0.03879310344827586,0.017241379310344827,0.3793103448275862,P4,Pre,Non-responder,anti-CTLA4+PD1
Pre_P6,0.12903225806451613,0.016129032258064516,0.13306451612903225,0.06048387096774194,0.20161290322580644,0.2701612903225806,0.06048387096774194,0.03225806451612903,0.0967741935483871,P6,Pre,Non-responder,anti-CTLA4
Pre_P7,0.11331444759206799,0.0339943342776204,0.0028328611898017,0.17847025495750707,0.0,0.0,0.0,0.10764872521246459,0.5637393767705382,P7,Pre,Responder,anti-CTLA4+PD1
Pre_P8,0.007692307692307693,0.25384615384615383,0.023076923076923078,0.35384615384615387,0.046153846153846156,0.0,0.015384615384615385,0.0,0.3,P8,Pre,Responder,anti-CTLA4+PD1
