cell_type,n_samples,pearson_r,spearman_r,mean_fraction_scanpy,mean_fraction_seurat
B cells,48,0.9851760586427243,0.935603340929828,0.07835397545636619,0.06973465974646721
CD8 effector,48,0.6433596335985401,0.7696691728076674,0.11887287454014073,0.1830828536118169
Cycling,48,0.9876718780568056,0.9714427695751076,0.043319989605157184,0.057653245951123866
Memory-naive T,48,0.7635435688959594,0.5723125358310329,0.14052790082443062,0.16481672074894524
Monocytes-Macrophages,48,0.9989945647933738,0.9885382514657506,0.081913743209421,0.07906148851766517
Plasma cells,48,0.9951545049471373,0.9327128994617303,0.01665990625307918,0.025129541198889677
Plasmacytoid DCs,48,0.9967500649691522,0.9678828314709466,0.016614411338619187,0.017604688845628682
Tregs,48,0.5986078797303362,0.6860616587060356,0.04435846113752882,0.11910856801203902
Unresolved,48,0.4195801058293213,0.36502293280194387,0.4593787376352568,0.04911066169129786
