cell_type,mean_Pre,mean_Post,mean_change,n_increase,n_decrease,pvalue,qvalue
Memory-naive T,0.1564162418595646,0.10579740674586208,-0.05061883511370253,3,8,0.1474609375,1.0
Monocytes-Macrophages,0.09093693947487357,0.0950161155075783,0.004079176032704741,5,6,0.4130859375,1.0
Plasmacytoid DCs,0.02077011926415926,0.0182351286953311,-0.002534990568828159,3,7,0.431640625,1.0
Unresolved,0.4370854512490683,0.4584112841075175,0.02132583285844925,8,3,0.6376953125,1.0
Cycling,0.04795461864210198,0.0670846646627821,0.01913004602068013,5,6,0.7001953125,1.0
B cells,0.03492719979765784,0.06569187753657518,0.030764677738917338,6,5,0.7001953125,1.0
CD8 effector,0.1306883510662988,0.13625976212078916,0.0055714110544903385,5,6,0.8984375,1.0
Plasma cells,0.027693775100902176,0.005588569233776295,-0.022105205867125884,4,3,1.0,1.0
Tregs,0.053527303545373474,0.04791519138978826,-0.005612112155585216,5,6,1.0,1.0
